{"1_2.bmp": 5.404106616973877, "1_3.bmp": 5.4128265380859375, "1_4.bmp": 5.416399002075195, "2_1.bmp": 5.396543025970459, "2_2.bmp": 5.404762268066406, "2_4.bmp": 5.420738697052002, "2_6.bmp": 5.423761367797852, "3_4.bmp": 5.408170700073242, "3_5.bmp": 5.41192102432251, "3_6.bmp": 5.41082239151001, "3_7.bmp": 5.405558109283447, "3_8.bmp": 5.404315948486328, "4_1.bmp": 5.40967321395874, "4_5.bmp": 5.408144950866699, "4_6.bmp": 5.409784317016602, "5_3.bmp": 5.411155700683594, "5_4.bmp": 5.412330627441406, "5_5.bmp": 5.41928243637085, "5_7.bmp": 5.407079219818115, "5_8.bmp": 5.404298305511475}